Pclass,Sex,SibSp,Parch
1,male,0,2
3,male,0,0
3,female,1,1
2,male,1,2
2,male,1,1
1,male,0,1
2,female,1,1
3,male,0,0
3,male,0,0
2,male,0,0
1,female,1,1
2,male,0,0
3,male,2,0
3,male,0,0
1,female,1,0
3,male,0,0
2,male,0,0
3,male,4,1
3,female,0,0
3,male,1,2
2,male,1,1
3,male,1,1
3,male,0,0
3,male,0,0
3,female,0,2
3,female,0,2
3,male,0,0
1,male,0,0
3,male,0,0
2,male,1,2
3,male,1,0
3,female,0,0
3,female,1,1
1,male,1,0
2,male,1,1
2,male,0,0
3,male,0,0
1,male,1,0
3,male,0,0
3,female,1,0
1,male,0,0
2,male,0,0
1,male,0,0
2,female,1,0
2,male,0,0
3,male,0,0
3,male,0,0
2,female,0,0
3,female,0,2
2,female,0,0
2,male,1,1
3,female,3,1
1,male,0,0
3,male,0,0
1,male,1,0
3,male,0,0
2,female,0,0
3,female,0,0
3,male,0,0
3,female,0,0
3,female,2,2
3,male,0,0
3,male,0,0
3,male,1,1
3,female,1,0
2,male,0,0
2,male,0,0
1,male,0,0
1,female,0,0
2,female,0,1
3,male,0,0
2,male,0,0
3,male,1,1
3,male,0,0
3,male,4,2
3,male,0,0
3,male,0,0
3,male,0,0
1,female,1,0
3,male,0,0
1,male,1,1
3,male,0,0
1,female,0,1
3,male,1,0
3,male,3,1
2,male,0,0
3,female,1,6
3,male,0,0
1,male,1,1
2,male,0,0
3,male,4,1
3,male,0,0
3,female,1,0
2,female,0,0
3,female,0,0
3,male,2,0
3,female,0,0
3,female,0,0
1,male,1,0
3,male,0,0
3,male,0,0
1,male,1,0
1,female,0,1
2,male,1,1
3,male,0,0
2,male,1,0
3,male,1,1
3,male,0,0
1,female,0,0
3,female,1,0
2,female,1,2
3,male,0,0
1,female,0,1
3,female,1,4
1,female,0,1
1,female,0,0
3,male,0,0
3,male,0,0
2,male,0,0
1,male,0,0
3,male,0,0
3,female,0,2
1,female,0,0
3,female,2,1
1,female,0,0
2,female,1,2
1,female,1,0
1,female,0,0
2,male,0,0
3,male,0,0
2,male,0,0
2,female,0,0
1,female,1,0
3,male,0,0
1,female,0,0
3,male,1,0
2,female,0,0
3,female,0,0
1,female,1,0
3,male,0,0
2,female,0,2
3,female,0,4
3,male,0,0
3,male,8,2
2,female,1,1
2,female,1,0
2,male,1,0
3,female,0,0
1,female,0,1
2,male,0,0
3,male,0,0
1,male,0,0
2,female,1,0
3,male,0,0
2,male,1,1
3,male,1,0
3,male,0,0
3,male,0,0
2,female,0,2
3,male,1,2
1,female,0,0
2,female,1,1
3,female,1,0
1,male,0,0
3,female,0,2
2,male,0,0
1,male,0,0
3,male,0,2
3,male,0,0
3,male,0,0
3,male,0,0
2,male,0,0
3,female,4,2
3,male,0,0
3,male,1,1
3,male,0,0
1,male,0,0
1,male,0,0
2,male,1,0
1,female,3,2
2,male,0,0
2,male,1,0
3,male,1,0
3,male,0,0
3,female,0,0
2,male,0,0
3,male,1,0
3,male,0,0
1,male,0,0
2,male,0,2
3,male,0,0
3,male,0,0
3,male,0,0
3,male,4,1
3,female,0,1
3,male,0,0
2,male,0,0
3,male,1,1
2,male,2,0
3,male,0,0
2,female,0,0
3,female,0,0
1,female,0,2
3,male,0,0
2,male,0,0
3,female,3,2
1,female,1,1
1,female,1,0
1,male,1,1
1,female,0,0
1,female,0,1
3,male,0,0
1,female,1,0
3,female,1,1
1,female,0,0
3,male,0,0
3,male,1,0
3,male,0,0
3,male,1,0
3,female,0,1
2,female,0,0
3,male,4,2
1,female,0,0
3,male,0,0
3,male,0,0
3,male,0,0
2,female,1,0
3,male,5,2
2,male,0,0
1,male,0,0
3,male,0,0
3,female,0,0
2,female,0,0
3,male,1,0
3,male,0,0
3,female,1,1
3,male,0,0
3,male,0,0
3,male,0,0
3,male,0,0
1,female,3,2
3,male,0,0
3,female,0,3
2,male,0,0
1,male,0,1
3,male,0,0
3,male,4,1
3,male,1,0
3,female,0,1
3,female,1,0
3,male,0,0
2,female,0,0
3,male,0,0
3,male,0,0
3,female,0,0
3,female,8,2
1,male,0,0
2,male,0,0
2,male,1,1
1,male,0,0
3,female,2,0
3,male,1,1
1,male,2,0
1,male,0,0
1,male,0,0
3,male,1,0
3,male,0,0
3,male,0,0
3,male,0,0
2,female,1,1
2,male,0,0
3,male,0,0
2,female,0,0
3,female,0,2
3,male,0,0
1,female,1,1
2,female,0,0
3,male,0,0
1,male,0,0
3,female,8,2
3,male,2,0
1,male,0,1
3,female,0,5
3,female,0,0
3,male,1,1
2,female,0,0
3,male,0,0
3,female,0,0
3,male,0,0
3,female,0,0
3,male,0,0
2,male,2,0
3,male,4,1
3,male,4,1
3,male,0,0
3,male,2,0
1,female,0,0
3,male,0,0
1,male,0,0
3,female,1,0
3,male,5,2
3,male,0,0
3,male,0,0
3,male,0,0
3,male,0,0
2,male,0,1
2,female,2,3
3,male,0,0
3,male,1,0
3,female,3,1
3,male,0,0
1,male,0,0
3,female,3,1
3,female,2,1
3,male,0,0
3,male,0,0
2,female,0,1
1,female,0,0
3,male,0,0
3,male,0,0
3,female,0,0
2,male,1,0
1,male,1,0
3,male,0,0
3,female,1,2
3,male,0,0
1,male,0,0
3,male,0,0
2,male,1,1
3,male,0,0
3,male,0,0
3,female,1,0
2,male,0,0
2,female,2,1
3,male,0,0
3,male,0,0
3,female,0,2
2,male,0,0
3,female,4,2
2,female,1,0
1,female,1,0
3,male,1,0
1,male,0,0
3,male,0,0
3,male,0,0
2,female,0,0
3,female,0,2
2,male,0,0
3,male,0,0
1,male,0,0
3,male,1,0
2,female,0,0
3,male,0,0
1,female,2,0
3,male,0,0
2,male,0,0
1,male,1,1
3,female,1,5
1,female,1,2
3,male,0,0
2,male,0,0
2,male,0,0
1,male,0,0
1,male,0,2
3,male,0,0
3,female,2,2
3,male,0,0
3,male,0,0
3,male,0,0
3,male,0,0
3,male,1,1
2,male,0,0
1,female,0,0
3,female,1,0
2,female,0,0
1,female,0,0
2,female,1,2
3,male,0,0
3,male,0,0
3,male,0,1
1,female,0,0
3,female,1,1
3,female,0,0
3,male,0,0
2,male,1,0
2,male,2,1
3,male,0,0
1,male,1,4
3,female,0,0
3,female,0,0
3,male,1,2
3,male,0,0
2,male,1,1
3,female,1,0
3,male,0,0
1,female,0,1
3,male,0,0
2,male,0,0
1,female,0,0
2,male,0,0
2,male,0,0
1,male,0,0
3,male,0,0
3,female,0,1
3,female,0,0
3,male,5,2
3,female,8,2
3,male,0,0
3,male,1,0
2,male,0,0
3,male,0,0
1,female,1,0
3,male,0,0
2,male,0,0
2,female,1,3
1,male,0,0
1,male,1,0
1,male,0,0
1,male,0,0
3,male,0,1
3,female,4,2
1,male,0,0
3,male,0,0
2,male,0,0
3,male,0,0
3,male,0,0
3,male,0,0
3,female,0,0
1,female,0,0
1,female,0,0
1,male,0,0
3,male,0,0
3,female,0,0
3,male,0,0
1,male,1,0
3,male,8,2
2,male,1,0
2,female,1,2
3,female,1,0
1,male,1,0
3,male,1,0
3,male,0,0
3,male,4,1
3,male,0,1
2,male,0,0
3,male,0,0
1,male,1,0
2,female,1,2
1,female,1,0
3,male,4,2
1,female,1,0
3,female,3,0
2,male,0,0
1,male,1,1
3,male,8,2
3,male,0,0
1,male,1,0
1,female,0,2
1,male,0,0
3,female,0,0
3,female,0,0
2,male,1,1
3,male,0,0
3,male,0,0
3,male,0,0
3,female,1,0
3,male,0,0
1,male,1,0
1,male,0,0
3,male,0,0
3,female,0,0
3,male,1,0
3,male,2,0
2,male,0,0
3,male,0,0
2,male,1,0
3,male,0,0
3,female,3,2
3,female,0,0
3,female,1,0
3,male,0,0
2,female,1,0
3,male,0,0
3,male,5,2
2,female,0,1
3,female,0,0
3,female,0,0
3,male,0,0
3,female,0,0
3,female,0,0
3,female,0,0
3,male,0,0
2,male,0,0
1,male,3,2
3,male,0,0
1,female,1,0
3,male,1,1
3,male,0,0
2,male,0,0
2,male,0,0
2,male,0,0
3,male,0,0
3,male,0,0
1,female,1,2
3,male,0,0
1,male,1,0
3,male,0,0
1,male,0,0
3,female,1,1
1,male,0,0
1,female,0,0
1,male,0,0
3,female,0,0
3,female,0,0
3,female,1,0
1,male,0,0
3,male,0,0
1,male,0,0
1,female,1,2
3,female,0,0
1,female,1,0
1,female,0,0
1,male,1,0
3,male,0,0
1,male,1,0
1,male,0,0
1,male,0,0
3,female,1,1
2,female,3,0
3,male,0,0
3,male,0,0
1,female,0,0
1,female,0,0
3,male,8,2
2,female,0,0
1,male,0,0
3,female,1,0
3,male,0,0
3,female,0,1
2,male,1,0
3,male,0,0
3,male,0,0
3,male,2,0
2,female,0,0
1,female,1,0
3,male,0,0
3,male,0,0
3,male,0,0
3,female,0,1
1,male,1,0
3,male,0,0
3,male,0,0
2,female,0,0
3,male,0,0
1,female,1,0
3,male,0,0
1,male,0,0
3,female,0,0
2,female,0,0
3,male,0,0
3,female,1,0
3,male,1,5
3,female,0,0
2,female,2,1
2,female,0,0
1,male,0,1
1,female,0,1
2,male,0,0
3,male,0,0
3,male,0,0
1,male,1,0
3,male,0,0
1,female,0,0
2,male,1,1
3,male,0,0
3,male,0,0
2,male,0,0
3,male,4,1
3,male,0,0
1,male,0,0
3,male,0,0
1,male,0,0
1,male,0,0
3,male,0,0
2,female,1,2
3,female,0,0
3,male,0,0
2,female,0,0
1,male,0,0
2,male,0,0
3,male,0,0
3,male,0,0
3,male,0,1
3,female,0,0
2,male,0,0
2,male,0,0
3,male,0,0
2,male,0,0
3,male,0,0
2,male,0,0
3,male,0,0
2,male,1,0
3,male,0,0
3,male,0,0
3,male,0,0
1,female,1,1
2,male,1,0
3,male,0,0
3,male,0,0
2,female,0,0
3,female,2,0
3,male,1,0
2,male,0,0
3,male,0,0
3,male,0,0
2,male,0,0
1,female,1,0
3,female,5,2
3,female,0,0
1,male,0,0
3,male,2,0
1,female,1,2
1,male,0,1
